Site_ID,Latitude,Longitude,IGSN,Description,Physiographic_Feature_Name,COMID,RawCOMID_Used,Country,Methods_and_Flags,Submission_Contact_Name,Submission_Contact_Email
BLU-BLU,44.1623,-122.332,10.58052/IEWDR00WM,stream,Blue River,23773405,TRUE,United States,COMID_01,James Stegen,james.stegen@pnnl.gov
BLU-TID,44.2179,-122.265,10.58052/IEWDR00WN,stream,Blue River below Tidbits Creek,23773429,TRUE,United States,COMID_02,James Stegen,james.stegen@pnnl.gov
BOU1,45.6449,-73.4774,10.58052/IEWDR01BX,stream,St. Lawrence River,-9999,N/A,Canada,COMID_08,James Stegen,james.stegen@pnnl.gov
BOU2,45.6462,-73.4637,10.58052/IEWDR01BW,stream,St. Lawrence River,-9999,N/A,Canada,COMID_08,James Stegen,james.stegen@pnnl.gov
BOU3,45.645,-73.4529,10.58052/IEWDR01BV,stream,St. Lawrence River,-9999,N/A,Canada,COMID_08,James Stegen,james.stegen@pnnl.gov
BOU4,45.5685,-73.5079,10.58052/IEWDR01BO,stream,St. Lawrence River,-9999,N/A,Canada,COMID_08,James Stegen,james.stegen@pnnl.gov
BR08,44.6006,-75.6606,10.58052/IEWDR01AQ,stream,St. Lawrence River,-9999,N/A,Canada,COMID_08,James Stegen,james.stegen@pnnl.gov
BR09,44.63438,-75.61223,10.58052/IEWDR01AO,stream,St. Lawrence River,-9999,N/A,Canada,COMID_08,James Stegen,james.stegen@pnnl.gov
BR11,44.79,-75.3714,10.58052/IEWDR01AX,stream,St. Lawrence River,-9999,N/A,Canada,COMID_08,James Stegen,james.stegen@pnnl.gov
BR12,44.8463,-75.2996,10.58052/IEWDR01AZ,stream,St. Lawrence River,-9999,N/A,Canada,COMID_08,James Stegen,james.stegen@pnnl.gov
BRO-LAP,43.7236,-121.796,10.58052/IEWDR00WO,stream,Brown Creek,23700569,TRUE,United States,COMID_02,James Stegen,james.stegen@pnnl.gov
C10,46.649199,-121.300698,10.58052/IEPRS00UK,stream,Clear Creek,24423347,TRUE,United States,COMID_00,Allison Myers-Pigg,allison.myers-pigg@pnnl.gov
C11,46.654386,-121.319166,10.58052/IEPRS00UL,stream,Clear Creek,24423347,TRUE,United States,COMID_00,Allison Myers-Pigg,allison.myers-pigg@pnnl.gov
C20,46.648074,-121.297724,10.58052/IEPRS00UM,stream,Clear Creek,24423347,TRUE,United States,COMID_00,Allison Myers-Pigg,allison.myers-pigg@pnnl.gov
C21,46.6399,-121.2901,10.58052/IEPRS00TV,stream,Clear Creek,24423347,TRUE,United States,COMID_00,Allison Myers-Pigg,allison.myers-pigg@pnnl.gov
CAC1,47.99,-69.72,10.58052/IEWDR01D5,stream,St. Lawrence River,-9999,N/A,Canada,COMID_08,James Stegen,james.stegen@pnnl.gov
CON1,45.8594,-73.2928,10.58052/IEWDR01C8,stream,St. Lawrence River,-9999,N/A,Canada,COMID_08,James Stegen,james.stegen@pnnl.gov
CON1.5,45.8432,-73.3113,10.58052/IEWDR01C4,stream,St. Lawrence River,-9999,N/A,Canada,COMID_08,James Stegen,james.stegen@pnnl.gov
CON2,45.8561,-73.278,10.58052/IEWDR01C3,stream,St. Lawrence River,-9999,N/A,Canada,COMID_08,James Stegen,james.stegen@pnnl.gov
CON3,45.8494,-73.2715,10.58052/IEWDR01C2,stream,St. Lawrence River,-9999,N/A,Canada,COMID_08,James Stegen,james.stegen@pnnl.gov
Ct20,46.648153,-121.297706,10.58052/IEPRS00UN,stream,Clear Creek Tributary,-9999,N/A,United States,COMID_07; RawCOMID_24423347; Flag_00,Allison Myers-Pigg,allison.myers-pigg@pnnl.gov
Ct21,46.649118,-121.299522,10.58052/IEPRS00UO,stream,Clear Creek Tributary,-9999,N/A,United States,COMID_07; RawCOMID_24423347; Flag_00,Allison Myers-Pigg,allison.myers-pigg@pnnl.gov
CT-BUNN,41.7862,-72.965,10.58052/IEWDR00WP,stream,Bunnell Brook,6109247,TRUE,United States,COMID_01,James Stegen,james.stegen@pnnl.gov
CT-EBRA,44.6339,-71.8981,10.58052/IEWDR00WQ,stream,East Branch Passumpsic River,4570659,TRUE,United States,COMID_01,James Stegen,james.stegen@pnnl.gov
CT-FARM,41.9083,-72.7594,10.58052/IEWDR00WR,stream,Farmington River,6109717,TRUE,United States,COMID_01,James Stegen,james.stegen@pnnl.gov
CT-MOOS,44.5117,-71.8378,10.58052/IEWDR00WS,stream,Moose River,4570675,TRUE,United States,COMID_01,James Stegen,james.stegen@pnnl.gov
CT-NEPA,41.8207,-72.9701,10.58052/IEWDR00WT,stream,Nepaug River,6109457,TRUE,United States,COMID_01,James Stegen,james.stegen@pnnl.gov
CT-PASS,44.3656,-72.0393,10.58052/IEWDR00WU,stream,Passumpsic River,4572379,TRUE,United States,COMID_01,James Stegen,james.stegen@pnnl.gov
CT-PHEL,41.7998,-72.9649,10.58052/IEWDR00WV,stream,Phelps Brook,6109235,TRUE,United States,COMID_01,James Stegen,james.stegen@pnnl.gov
CT-POPE,44.4761,-72.125,10.58052/IEWDR00WW,stream,Pope Brook,4572347,TRUE,United States,COMID_01,James Stegen,james.stegen@pnnl.gov
CT-SLPR,44.4353,-72.0389,10.58052/IEWDR00WX,stream,Sleepers River,4572307,TRUE,United States,COMID_01,James Stegen,james.stegen@pnnl.gov
CT-STIL,41.9679,-73.0334,10.58052/IEWDR00WY,stream,Still River,6111419,TRUE,United States,COMID_02,James Stegen,james.stegen@pnnl.gov
CT-THOM,41.9872,-72.6058,10.58052/IEWDR00WZ,stream,Connecticut River,7700898,FALSE,United States,COMID_06; COMID_05; RawCOMID_7699970; Flag_00,James Stegen,james.stegen@pnnl.gov
CT-UNIO,41.7555,-72.887,10.58052/IEWDR00X0,stream,Farmington River at Unionville,6109643,TRUE,United States,COMID_02,James Stegen,james.stegen@pnnl.gov
CT-W9,44.4906,-72.1622,10.58052/IEWDR00X1,stream,W-9; Pope Brook Tributary,-9999,N/A,United States,COMID_07; RawCOMID_4572347; Flag_00,James Stegen,james.stegen@pnnl.gov
CUL-LAP,43.82276,-121.797685,10.58052/IEWDR00X2,stream,Cultus River,23700639,TRUE,United States,COMID_01,James Stegen,james.stegen@pnnl.gov
CW19,45.025,-74.6766,10.58052/IEWDR01BD,stream,St. Lawrence River,-9999,N/A,Canada,COMID_08,James Stegen,james.stegen@pnnl.gov
CW20,45.00262,-74.68841,10.58052/IEWDR01BE,stream,St. Lawrence River,-9999,N/A,Canada,COMID_08,James Stegen,james.stegen@pnnl.gov
CW21,45.00483,-74.65931,10.58052/IEWDR01BF,stream,St. Lawrence River,-9999,N/A,Canada,COMID_08,James Stegen,james.stegen@pnnl.gov
CW22,45.00738,-74.63775,10.58052/IEWDR01BI,stream,St. Lawrence River,-9999,N/A,Canada,COMID_08,James Stegen,james.stegen@pnnl.gov
CW23,45.0207,-74.5697,10.58052/IEWDR01BG,stream,St. Lawrence River,-9999,N/A,Canada,COMID_08,James Stegen,james.stegen@pnnl.gov
DES-BFA,43.9305,-121.412,10.58052/IEWDR00X3,stream,Deschutes River at Benham Falls,23700413,TRUE,United States,COMID_02,James Stegen,james.stegen@pnnl.gov
DES-LAP,43.814019,-121.777208,10.58052/IEWDR00X4,stream,Deschutes River at La Pine,23700583,TRUE,United States,COMID_02; COMID_05,James Stegen,james.stegen@pnnl.gov
DES-MAD,44.742799,-121.229678,10.58052/IEWDR00X5,stream,Deschutes River near Madras,23719673,TRUE,United States,COMID_02,James Stegen,james.stegen@pnnl.gov
DES-MOO,45.6222,-120.9044,10.58052/IEWDR00X6,stream,Deschutes River near Biggs,23718705,TRUE,United States,COMID_02,James Stegen,james.stegen@pnnl.gov
DES-WIC,43.686204,-121.687328,10.58052/IEWDR00X7,stream,Deschutes River below Wikiup Reservoir,23700493,TRUE,United States,COMID_02,James Stegen,james.stegen@pnnl.gov
E020,44.05611111,-122.8277778,10.58052/IEPRS001U,stream,McKenzie River,23772789,TRUE,United States,COMID_01,James Stegen,james.stegen@pnnl.gov
E030,44.07027778,-122.77,10.58052/IEPRS001V,stream,McKenzie River,23772801,TRUE,United States,COMID_01,James Stegen,james.stegen@pnnl.gov
E040,44.125,-122.4694444,10.58052/IEPRS001W,stream,McKenzie River,23772909,TRUE,United States,COMID_01,James Stegen,james.stegen@pnnl.gov
E310,44.070619,-122.884631,10.58052/IEPRS00M7,stream,Camp Creek,23773487,TRUE,United States,COMID_01,James Stegen,james.stegen@pnnl.gov
E360,44.141016,-122.605426,10.58052/IEPRS001X,stream,Hatchery Creek,23774155,TRUE,United States,COMID_01,James Stegen,james.stegen@pnnl.gov
E390,44.146326,-122.572401,10.58052/IEPRS001P,stream,Gate Creek,23773469,TRUE,United States,COMID_01,James Stegen,james.stegen@pnnl.gov
E410,44.133096,-122.483071,10.58052/IEPRS001Q,stream,Bear Creek,23774225,TRUE,United States,COMID_01,James Stegen,james.stegen@pnnl.gov
E430,44.149595,-122.364665,10.58052/IEPRS001R,stream,Elk Creek,23774923,TRUE,United States,COMID_01,James Stegen,james.stegen@pnnl.gov
E431,44.138089,-122.372966,10.58052/IEPRS001Y,stream,Doris Creek,-9999,N/A,United States,COMID_07; RawCOMID_; Flag_00,James Stegen,james.stegen@pnnl.gov
E432,44.143315,-122.368051,10.58052/IEPRS001Z,stream,Fern Creek,-9999,N/A,United States,COMID_07; RawCOMID_23772985; Flag_00,James Stegen,james.stegen@pnnl.gov
E440,44.125267,-122.529883,10.58052/IEPRS001S,stream,Marten Creek,23772889,TRUE,United States,COMID_01,James Stegen,james.stegen@pnnl.gov
E543,44.209191,-122.25725,10.58052/IEPRS0020,stream,Lookout Creek,23773411,TRUE,United States,COMID_01,James Stegen,james.stegen@pnnl.gov
E547,44.160261,-122.334339,10.58052/IEPRS001T,stream,Simmonds Creek,23773463,TRUE,United States,COMID_01,James Stegen,james.stegen@pnnl.gov
EAS-ALM,38.6644,-106.8475,10.58052/IEWDR00X8,stream,East River at Almont,1333418,TRUE,United States,COMID_02,James Stegen,james.stegen@pnnl.gov
EAS-BRA,38.9857545,-107.0027911,10.58052/IEWDR00X9,stream,Bradley Creek tributary  of East River,1332190,TRUE,United States,COMID_02; COMID_04,James Stegen,james.stegen@pnnl.gov
EAS-PUM,38.9225691,-106.9508935,10.58052/IEWDR00XA,stream,East River pump house,1332754,TRUE,United States,COMID_02,James Stegen,james.stegen@pnnl.gov
EAS-ROC,38.9826927,-107.0051498,10.58052/IEWDR00XB,stream,Rock Creek tributary of East River,1332198,FALSE,United States,COMID_06; RawCOMID_1332194; Flag_00,James Stegen,james.stegen@pnnl.gov
EAS-RUS,38.9905473,-107.0065371,10.58052/IEWDR00XC,stream,Rustlers Creek tributary of East River,1332186,TRUE,United States,COMID_02; COMID_04,James Stegen,james.stegen@pnnl.gov
GUN-GRJ,38.9833,-108.45,10.58052/IEWDR00XD,stream,Gunnison River near Grand Junction,3232569,TRUE,United States,COMID_02,James Stegen,james.stegen@pnnl.gov
GUN-GUN,38.529203,-106.956087,10.58052/IEWDR00XE,stream,Gunnison River near Gunnison,3252665,TRUE,United States,COMID_02,James Stegen,james.stegen@pnnl.gov
GUN-R32,38.5172,-106.9956,10.58052/IEWDR00XF,stream,Gunnison River at Road 32,3252693,TRUE,United States,COMID_02,James Stegen,james.stegen@pnnl.gov
GUN-TUN,38.5292,-107.6483,10.58052/IEWDR00XG,stream,Gunnison River below Gunnison Tunnel,3252173,TRUE,United States,COMID_02; COMID_05,James Stegen,james.stegen@pnnl.gov
HJA-WS1,44.208517,-122.256831,10.58052/IEWDR00XH,stream,HJ Andrews watershed 1,-9999,N/A,United States,COMID_07; RawCOMID_23773411; Flag_00,James Stegen,james.stegen@pnnl.gov
HJA-WS2,44.213385,-122.243976,10.58052/IEWDR00XI,stream,HJ Andrews watershed 2,-9999,N/A,United States,COMID_07; RawCOMID_23773411; Flag_00,James Stegen,james.stegen@pnnl.gov
IRQ1,44.5815,-75.679,10.58052/IEWDR01AW,stream,St. Lawrence River,-9999,N/A,Canada,COMID_08,James Stegen,james.stegen@pnnl.gov
IRQ1.5,44.736,-75.4524,10.58052/IEWDR01B0,stream,St. Lawrence River,-9999,N/A,Canada,COMID_08,James Stegen,james.stegen@pnnl.gov
IRQ2,44.8203,-75.314,10.58052/IEWDR01B1,stream,St. Lawrence River,-9999,N/A,Canada,COMID_08,James Stegen,james.stegen@pnnl.gov
LDS-LAP,43.6892,-121.503,10.58052/IEWDR00XJ,stream,Little Deschutes River near La Pine,23706200,TRUE,United States,COMID_02,James Stegen,james.stegen@pnnl.gov
LOO-BLU,44.2097,-122.257,10.58052/IEWDR00XK,stream,Lookout Creek near Blue River,23773411,TRUE,United States,COMID_02,James Stegen,james.stegen@pnnl.gov
LSF1,45.2255,-74.2521,10.58052/IEWDR01BA,stream,St. Lawrence River,-9999,N/A,Canada,COMID_08,James Stegen,james.stegen@pnnl.gov
LSF2,45.2083,-74.2327,10.58052/IEWDR01BC,stream,St. Lawrence River,-9999,N/A,Canada,COMID_08,James Stegen,james.stegen@pnnl.gov
LSF24,45.0378,-74.5253,10.58052/IEWDR01BH,stream,St. Lawrence River,-9999,N/A,Canada,COMID_08,James Stegen,james.stegen@pnnl.gov
LSF25,45.1262,-74.4916,10.58052/IEWDR01BJ,stream,St. Lawrence River,-9999,N/A,Canada,COMID_08,James Stegen,james.stegen@pnnl.gov
LSF26,45.181,-74.3737,10.58052/IEWDR01BK,stream,St. Lawrence River,-9999,N/A,Canada,COMID_08,James Stegen,james.stegen@pnnl.gov
LSF3,45.189,-74.2141,10.58052/IEWDR01BB,stream,St. Lawrence River,-9999,N/A,Canada,COMID_08,James Stegen,james.stegen@pnnl.gov
LSF3.5,45.3461,-73.9723,10.58052/IEWDR01AK,stream,St. Lawrence River,-9999,N/A,Canada,COMID_08,James Stegen,james.stegen@pnnl.gov
LSL1,45.4095,-73.8706,10.58052/IEWDR01BL,stream,St. Lawrence River,-9999,N/A,Canada,COMID_08,James Stegen,james.stegen@pnnl.gov
LSL13,44.8976,-75.17,10.58052/IEWDR01AY,stream,St. Lawrence River,-9999,N/A,Canada,COMID_08,James Stegen,james.stegen@pnnl.gov
LSL14,44.9908,-74.9473,10.58052/IEWDR01B8,stream,St. Lawrence River,-9999,N/A,Canada,COMID_08,James Stegen,james.stegen@pnnl.gov
LSL15,45.0099,-74.9389,10.58052/IEWDR01B9,stream,St. Lawrence River,-9999,N/A,Canada,COMID_08,James Stegen,james.stegen@pnnl.gov
LSL16,45.0138,-74.89,10.58052/IEWDR01B5,stream,St. Lawrence River,-9999,N/A,Canada,COMID_08,James Stegen,james.stegen@pnnl.gov
LSL17,45.0261,-74.8901,10.58052/IEWDR01B2,stream,St. Lawrence River,-9999,N/A,Canada,COMID_08,James Stegen,james.stegen@pnnl.gov
LSL18,45.0189,-74.8569,10.58052/IEWDR01B6,stream,St. Lawrence River,-9999,N/A,Canada,COMID_08,James Stegen,james.stegen@pnnl.gov
LSL2,45.3954,-73.843,10.58052/IEWDR01BM,stream,St. Lawrence River,-9999,N/A,Canada,COMID_08,James Stegen,james.stegen@pnnl.gov
LSL3,45.3816,-73.807,10.58052/IEWDR01BN,stream,St. Lawrence River,-9999,N/A,Canada,COMID_08,James Stegen,james.stegen@pnnl.gov
LSPA1,46.2663,-72.7154,10.58052/IEWDR01CI,stream,St. Lawrence River,-9999,N/A,Canada,COMID_08,James Stegen,james.stegen@pnnl.gov
LSPA3,46.2638,-72.6952,10.58052/IEWDR01CJ,stream,St. Lawrence River,-9999,N/A,Canada,COMID_08,James Stegen,james.stegen@pnnl.gov
LSPA4,46.2453,-72.6776,10.58052/IEWDR01CK,stream,St. Lawrence River,-9999,N/A,Canada,COMID_08,James Stegen,james.stegen@pnnl.gov
LSPM1,46.226,-72.8541,10.58052/IEWDR01CF,stream,St. Lawrence River,-9999,N/A,Canada,COMID_08,James Stegen,james.stegen@pnnl.gov
LSPM2,46.2033,-72.8251,10.58052/IEWDR01CH,stream,St. Lawrence River,-9999,N/A,Canada,COMID_08,James Stegen,james.stegen@pnnl.gov
LSPM3,46.1841,-72.8066,10.58052/IEWDR01CG,stream,St. Lawrence River,-9999,N/A,Canada,COMID_08,James Stegen,james.stegen@pnnl.gov
MASS1,47.2429,-70.5521,10.58052/IEWDR01D1,stream,St. Lawrence River,-9999,N/A,Canada,COMID_08,James Stegen,james.stegen@pnnl.gov
MCK-WAL,44.06957,-122.772306,10.58052/IEWDR00XL,stream,McKenzie River near Walterville,23772801,TRUE,United States,COMID_02,James Stegen,james.stegen@pnnl.gov
MP-1110,37.3724,-80.8599,10.58052/IEWDR01KP,stream,New River,6908699,TRUE,United States,COMID_01,James Stegen,james.stegen@pnnl.gov
MP-11342,37.0422,-80.5627,10.58052/IEWDR01L5,stream,Little River,6884184,TRUE,United States,COMID_01,James Stegen,james.stegen@pnnl.gov
MP-1285,33.6666,-79.8467,10.58052/IEWDR01KQ,stream,Black River,9090922,TRUE,United States,COMID_01,James Stegen,james.stegen@pnnl.gov
MP-1425,43.4099,-83.965,10.58052/IEWDR01KR,stream,Saginaw River,13204443,TRUE,United States,COMID_01,James Stegen,james.stegen@pnnl.gov
MP-1481,46.804,-96.798,10.58052/IEWDR01KS,stream,Red River of the North,6667885,TRUE,United States,COMID_01,James Stegen,james.stegen@pnnl.gov
MP-161,42.7231,-73.1978,10.58052/IEWDR01KK,stream,Hoosic River,22290173,TRUE,United States,COMID_01,James Stegen,james.stegen@pnnl.gov
MP-162,42.7638,-73.3372,10.58052/IEWDR01KL,stream,Little Hoosic River,22290155,TRUE,United States,COMID_01,James Stegen,james.stegen@pnnl.gov
MP-1796,45.5974,-110.566,10.58052/IEWDR01KT,stream,Yellowstone River,4366016,TRUE,United States,COMID_01,James Stegen,james.stegen@pnnl.gov
MP-18,43.0881,-71.2346,10.58052/IEWDR01KH,stream,Lamprey River,5848094,TRUE,United States,COMID_02; COMID_04,James Stegen,james.stegen@pnnl.gov
MP-19,43.0795,-71.0359,10.58052/IEWDR01KI,stream,North River,5848106,TRUE,United States,COMID_01,James Stegen,james.stegen@pnnl.gov
MP-195,42.5055,-73.5062,10.58052/IEWDR01KM,stream,Kinderhook Creek,6186124,TRUE,United States,COMID_01,James Stegen,james.stegen@pnnl.gov
MP-2179,29.3338,-95.2832,10.58052/IEWDR01KU,stream,Chocolate Bayou,1566256,TRUE,United States,COMID_01,James Stegen,james.stegen@pnnl.gov
MP-2194,30.2457,-97.6915,10.58052/IEWDR01KV,stream,Lower Colorado River,5781917,TRUE,United States,COMID_02,James Stegen,james.stegen@pnnl.gov
MP-2197,28.8318,-96.5783,10.58052/IEWDR01KW,stream,Lavaca River/Estuary,7843181,TRUE,United States,COMID_02,James Stegen,james.stegen@pnnl.gov
MP-2376,39.0073,-121.5804,10.58052/IEWDR01KX,stream,Bear/Feather River,7972667,TRUE,United States,COMID_02,James Stegen,james.stegen@pnnl.gov
MP-2529,48.8186,-122.5806,10.58052/IEWDR01KY,stream,Nooksack River,23955772,TRUE,United States,COMID_01,James Stegen,james.stegen@pnnl.gov
MP-2699,46.7322,-117.1805,10.58052/IEWDR01KZ,stream,South Fork Palouse,23459939,TRUE,United States,COMID_02; COMID_05,James Stegen,james.stegen@pnnl.gov
MP-2865,41.3825,-72.8972,10.58052/IEWDR01L0,stream,Mill River,6177260,TRUE,United States,COMID_01,James Stegen,james.stegen@pnnl.gov
MP-3102,33.9485,-117.6118,10.58052/IEWDR01L1,stream,Cucamonga Creek,22563070,TRUE,United States,COMID_02,James Stegen,james.stegen@pnnl.gov
MP-3254,38.9746,-119.8218,10.58052/IEWDR01L2,stream,West Fork Carson River,8922013,TRUE,United States,COMID_02,James Stegen,james.stegen@pnnl.gov
MP-3317,39.4803,-106.0468,10.58052/IEWDR01L3,stream,Blue River,1314635,TRUE,United States,COMID_01,James Stegen,james.stegen@pnnl.gov
MP-3508,40.1047,-77.1803,10.58052/IEWDR01L4,stream,Mountain Creek,4711518,FALSE,United States,COMID_06; COMID_05; RawCOMID_4711522; Flag_00,James Stegen,james.stegen@pnnl.gov
MP-55,41.5236,-72.2067,10.58052/IEWDR01KJ,stream,Yantic River,-9999,N/A,United States,COMID_07; RawCOMID_6168502; Flag_00,James Stegen,james.stegen@pnnl.gov
MP-587,38.7819,-77.3884,10.58052/IEWDR01KN,stream,Pope's Head Creek,22339187,TRUE,United States,COMID_02,James Stegen,james.stegen@pnnl.gov
MP-645,35.3668,-77.4403,10.58052/IEWDR01KO,stream,Contentnea Creek,11574664,TRUE,United States,COMID_01,James Stegen,james.stegen@pnnl.gov
ONT1,44.1923,-76.5755,10.58052/IEWDR01AL,stream,St. Lawrence River,-9999,N/A,Canada,COMID_08,James Stegen,james.stegen@pnnl.gov
ONT2,44.1923,-76.3964,10.58052/IEWDR01AM,stream,St. Lawrence River,-9999,N/A,Canada,COMID_08,James Stegen,james.stegen@pnnl.gov
ORL2,47.0044,-70.7079,10.58052/IEWDR01CZ,stream,St. Lawrence River,-9999,N/A,Canada,COMID_08,James Stegen,james.stegen@pnnl.gov
ORL3,46.9782,-70.687,10.58052/IEWDR01D0,stream,St. Lawrence River,-9999,N/A,Canada,COMID_08,James Stegen,james.stegen@pnnl.gov
QC1,46.8426,-71.1815,10.58052/IEWDR01CX,stream,St. Lawrence River,-9999,N/A,Canada,COMID_08,James Stegen,james.stegen@pnnl.gov
QC2,46.8377,-71.1647,10.58052/IEWDR01CW,stream,St. Lawrence River,-9999,N/A,Canada,COMID_08,James Stegen,james.stegen@pnnl.gov
QC3,46.8349,-71.1566,10.58052/IEWDR01CV,stream,St. Lawrence River,-9999,N/A,Canada,COMID_08,James Stegen,james.stegen@pnnl.gov
QC4,46.8226,-71.2081,10.58052/IEWDR01CY,stream,St. Lawrence River,-9999,N/A,Canada,COMID_08,James Stegen,james.stegen@pnnl.gov
REP1,45.7427,-73.4338,10.58052/IEWDR01BZ,stream,St. Lawrence River,-9999,N/A,Canada,COMID_08,James Stegen,james.stegen@pnnl.gov
REP2,45.7416,-73.4243,10.58052/IEWDR01C0,stream,St. Lawrence River,-9999,N/A,Canada,COMID_08,James Stegen,james.stegen@pnnl.gov
REP3,45.7445,-73.4062,10.58052/IEWDR01C1,stream,St. Lawrence River,-9999,N/A,Canada,COMID_08,James Stegen,james.stegen@pnnl.gov
REP4,45.7361,-73.4117,10.58052/IEWDR01BY,stream,St. Lawrence River,-9999,N/A,Canada,COMID_08,James Stegen,james.stegen@pnnl.gov
S01,46.976,-121.1579,10.58052/IEPRS00TW,stream,American River,24422913,FALSE,United States,COMID_06; RawCOMID_24422911; Flag_00,James Stegen,james.stegen@pnnl.gov
S02,46.9754,-121.158,10.58052/IEPRS00TX,stream,Bumping River,24422975,TRUE,United States,COMID_00,James Stegen,james.stegen@pnnl.gov
S03,47.0195,-121.1285,10.58052/IEPRS00TY,stream,Quartz Creek,24423897,TRUE,United States,COMID_00,James Stegen,james.stegen@pnnl.gov
S04,46.8099,-121.0672,10.58052/IEPRS00TZ,stream,North Fork Rattlesnake Creek,24423139,FALSE,United States,COMID_06; RawCOMID_24423137; Flag_00,James Stegen,james.stegen@pnnl.gov
S08,47.0171,-121.1357,10.58052/IEPRS00U0,stream,Little Naches River,24422831,TRUE,United States,COMID_00; COMID_05,James Stegen,james.stegen@pnnl.gov
S10,46.8095,-121.0675,10.58052/IEPRS00U1,stream,Rattlesnake Creek,24423157,FALSE,United States,COMID_06; RawCOMID_24423137; Flag_00,James Stegen,james.stegen@pnnl.gov
S11,46.9006,-121.2466,10.58052/IEPRS00U2,stream,Bumping River,24422999,TRUE,United States,COMID_00; COMID_05,James Stegen,james.stegen@pnnl.gov
S12,47.05638,-121.26788,10.58052/IEPRS00UP,stream,South Fork Little Naches River,24422871,TRUE,United States,COMID_00,James Stegen,james.stegen@pnnl.gov
S13R,47.420551,-121.086972,10.58052/IEPRS007V,stream,Cle Elum River,24125883,TRUE,United States,COMID_00,James Stegen,james.stegen@pnnl.gov
S14,47.41986,-121.087854,10.58052/IEPRS007W,stream,Waptus River,24125945,TRUE,United States,COMID_00,James Stegen,james.stegen@pnnl.gov
S15,47.363498,-121.106919,10.58052/IEPRS007X,stream,Thorp Creek,24126041,TRUE,United States,COMID_00,James Stegen,james.stegen@pnnl.gov
S16,47.42067,-121.14629,10.58052/IEPRS00UQ,stream,Cooper River,24126011,TRUE,United States,COMID_00,James Stegen,james.stegen@pnnl.gov
S17,47.39473,-121.10328,10.58052/IEPRS00UR,stream,Cooper River,24125999,TRUE,United States,COMID_00,James Stegen,james.stegen@pnnl.gov
S17R,47.394429,-121.10174,10.58052/IEPRS007Y,stream,Cooper River,24125999,TRUE,United States,COMID_00,James Stegen,james.stegen@pnnl.gov
S18,47.39479,-121.09626,10.58052/IEPRS00US,stream,Cle Elum River,24125873,TRUE,United States,COMID_00,James Stegen,james.stegen@pnnl.gov
S18R,47.39603,-121.096933,10.58052/IEPRS007Z,stream,Cle Elum River,24125873,TRUE,United States,COMID_00; COMID_05,James Stegen,james.stegen@pnnl.gov
S19,47.258225,-120.904118,10.58052/IEPRS0080,stream,West Fork Teanaway River,24125729,TRUE,United States,COMID_00; COMID_05,James Stegen,james.stegen@pnnl.gov
S19E,47.255067,-120.878922,10.58052/IEPRS0081,stream,North Fork Teanaway River,24125633,TRUE,United States,COMID_00,James Stegen,james.stegen@pnnl.gov
S19S_0001,49.38609,-121.45047,10.58052/IEWDR00OJ,stream,Fraser,-9999,N/A,Canada,COMID_08,James Stegen,james.stegen@pnnl.gov
S19S_0003,50.6888,-120.36647,10.58052/IEWDR00OK,stream,Thompson,-9999,N/A,Canada,COMID_08,James Stegen,james.stegen@pnnl.gov
S19S_0004,50.7751,-119.72196,10.58052/IEWDR00OL,stream,South Thompson,-9999,N/A,Canada,COMID_08,James Stegen,james.stegen@pnnl.gov
S19S_0005,49.86887,-97.40781,10.58052/IEWDR00OM,stream,Assiniboine,-9999,N/A,Canada,COMID_08,James Stegen,james.stegen@pnnl.gov
S19S_0006,39.311369,-76.717163,10.58052/IEWDR00ON,stream,Dead Run,11689186,TRUE,United States,COMID_01,James Stegen,james.stegen@pnnl.gov
S19S_0006_D,39.311369,-76.717163,10.58052/IEWDR0008,stream,Dead Run,11689186,TRUE,United States,COMID_01,James Stegen,james.stegen@pnnl.gov
S19S_0006_M,39.31162,-76.717316,10.58052/IEWDR0007,stream,Dead Run,11689186,TRUE,United States,COMID_01,James Stegen,james.stegen@pnnl.gov
S19S_0006_U,39.311813,-76.717476,10.58052/IEWDR0006,stream,Dead Run,11689186,TRUE,United States,COMID_01,James Stegen,james.stegen@pnnl.gov
S19S_0007,37.05255,-119.195598,10.58052/IEWDR00OO,stream,Providence Creek / KREW's P304 creek,-9999,N/A,United States,COMID_07; RawCOMID_22047841; Flag_00,James Stegen,james.stegen@pnnl.gov
S19S_0007_D,37.05255,-119.195598,10.58052/IEWDR000B,stream,Providence Creek / KREW's P304 creek,-9999,N/A,United States,COMID_07; RawCOMID_22047841; Flag_00,James Stegen,james.stegen@pnnl.gov
S19S_0007_M,37.052435,-119.19567,10.58052/IEWDR000A,stream,Providence Creek / KREW's P304 creek,-9999,N/A,United States,COMID_07; RawCOMID_22047841; Flag_00,James Stegen,james.stegen@pnnl.gov
S19S_0007_U,37.05229,-119.195359,10.58052/IEWDR0009,stream,Providence Creek / KREW's P304 creek,-9999,N/A,United States,COMID_07; RawCOMID_22047841; Flag_00,James Stegen,james.stegen@pnnl.gov
S19S_0008,36.961112,-119.027785,10.58052/IEWDR00OP,stream,Teakettle T003 stream,22050323,TRUE,United States,COMID_02,James Stegen,james.stegen@pnnl.gov
S19S_0008_D,36.961112,-119.027785,10.58052/IEWDR000E,stream,Teakettle T003 stream,22050323,TRUE,United States,COMID_02,James Stegen,james.stegen@pnnl.gov
S19S_0008_M,36.961369,-119.028281,10.58052/IEWDR000D,stream,Teakettle T003 stream,22050323,TRUE,United States,COMID_02,James Stegen,james.stegen@pnnl.gov
S19S_0008_U,36.961273,-119.028254,10.58052/IEWDR000C,stream,Teakettle T003 stream,22050323,TRUE,United States,COMID_02,James Stegen,james.stegen@pnnl.gov
S19S_0009,42.9877,-108.3983,10.58052/IEWDR00OQ,stream,Little Wind River,12890609,TRUE,United States,COMID_01,James Stegen,james.stegen@pnnl.gov
S19S_0009_D,42.9877,-108.3983,10.58052/IEWDR000H,stream,Little Wind River,12890609,TRUE,United States,COMID_01,James Stegen,james.stegen@pnnl.gov
S19S_0009_M,42.9876,-108.3983,10.58052/IEWDR000G,stream,Little Wind River,12890609,TRUE,United States,COMID_01,James Stegen,james.stegen@pnnl.gov
S19S_0009_U,42.9875,-108.3982,10.58052/IEWDR000F,stream,Little Wind River,12890609,TRUE,United States,COMID_01,James Stegen,james.stegen@pnnl.gov
S19S_0010,31.667875,-81.840062,10.58052/IEWDR00OR,stream,Altamaha,14347322,TRUE,United States,COMID_02,James Stegen,james.stegen@pnnl.gov
S19S_0010_D,31.667875,-81.840062,10.58052/IEWDR000K,stream,Altamaha River,14347322,TRUE,United States,COMID_01,James Stegen,james.stegen@pnnl.gov
S19S_0010_M,31.667835,-81.839976,10.58052/IEWDR000J,stream,Altamaha River,14347322,TRUE,United States,COMID_01,James Stegen,james.stegen@pnnl.gov
S19S_0010_U,31.667905,-81.8403,10.58052/IEWDR000I,stream,Altamaha River,14347322,TRUE,United States,COMID_01,James Stegen,james.stegen@pnnl.gov
S19S_0011,33.955686,-83.437674,10.58052/IEWDR00OS,stream,Middle Oconee,1049671,TRUE,United States,COMID_02,James Stegen,james.stegen@pnnl.gov
S19S_0012,42.47179,-72.33027,10.58052/IEWDR00OT,stream,Hop Brook,7690025,TRUE,United States,COMID_01,James Stegen,james.stegen@pnnl.gov
S19S_0013,38.8952,-78.1476,10.58052/IEWDR00OU,stream,Posey Creek,-9999,N/A,United States,COMID_07; RawCOMID_5906765; Flag_00,James Stegen,james.stegen@pnnl.gov
S19S_0014,39.0941,-77.9808,10.58052/IEWDR00OV,stream,Lewis Run,8444872,TRUE,United States,COMID_01,James Stegen,james.stegen@pnnl.gov
S19S_0015,31.184396,-84.439009,10.58052/IEWDR00OW,stream,Flint River,3424530,TRUE,United States,COMID_01,James Stegen,james.stegen@pnnl.gov
S19S_0016,39.10445,-96.6025,10.58052/IEWDR00OX,stream,King's Creek,18841314,TRUE,United States,COMID_02; COMID_05,James Stegen,james.stegen@pnnl.gov
S19S_0017,38.94668,-96.44355,10.58052/IEWDR00OY,stream,McDiffett Creek,3649284,TRUE,United States,COMID_02,James Stegen,james.stegen@pnnl.gov
S19S_0018,35.6922935,-83.504941,10.58052/IEWDR00OZ,stream,LeConte Creek,22144520,TRUE,United States,COMID_02,James Stegen,james.stegen@pnnl.gov
S19S_0019,35.9563807,-84.278999,10.58052/IEWDR00P0,stream,Walker Branch,22125024,TRUE,United States,COMID_01,James Stegen,james.stegen@pnnl.gov
S19S_0020,31.85294,-88.15755,10.58052/IEWDR00P1,stream,Tombigbee River,18548456,TRUE,United States,COMID_01,James Stegen,james.stegen@pnnl.gov
S19S_0021,32.54069,-87.79835,10.58052/IEWDR00P2,stream,Black Warrior,18211220,TRUE,United States,COMID_02,James Stegen,james.stegen@pnnl.gov
S19S_0022,32.96161,-87.40811,10.58052/IEWDR00P3,stream,Mayfield Creek,18208464,TRUE,United States,COMID_02; COMID_05,James Stegen,james.stegen@pnnl.gov
S19S_0023,39.75841,-102.44896,10.58052/IEWDR00P4,stream,Arikaree River,11722717,TRUE,United States,COMID_01,James Stegen,james.stegen@pnnl.gov
S19S_0024,34.44205,-96.6227,10.58052/IEWDR00P5,stream,Blue River,698676,TRUE,United States,COMID_01,James Stegen,james.stegen@pnnl.gov
S19S_0025,33.37853,-97.78275,10.58052/IEWDR00P6,stream,Pringle Creek,1306285,TRUE,United States,COMID_01,James Stegen,james.stegen@pnnl.gov
S19S_0026,40.03489,-105.54327,10.58052/IEWDR00P7,stream,Como Creek,2889452,TRUE,United States,COMID_02,James Stegen,james.stegen@pnnl.gov
S19S_0027,39.89064,-105.91125,10.58052/IEWDR00P8,stream,West St. Louis Creek,1239639,TRUE,United States,COMID_02; COMID_04,James Stegen,james.stegen@pnnl.gov
S19S_0028,33.750675,-111.507871,10.58052/IEWDR00P9,stream,Sycamore Creek,20440650,TRUE,United States,COMID_01,James Stegen,james.stegen@pnnl.gov
S19S_0029,40.78319,-111.80126,10.58052/IEWDR00PA,stream,Red Butte Creek,10389356,FALSE,United States,COMID_06; COMID_03; RawCOMID_10389424; Flag_00,James Stegen,james.stegen@pnnl.gov
S19S_0030,45.792348,-121.929131,10.58052/IEWDR00PB,stream,Martha Creek,24505800,TRUE,United States,COMID_01,James Stegen,james.stegen@pnnl.gov
S19S_0031,44.2602628,-122.1650676,10.58052/IEWDR00PC,stream,McRae Creek,23773423,TRUE,United States,COMID_01,James Stegen,james.stegen@pnnl.gov
S19S_0032,39.95545,-119.02313,10.58052/IEWDR00PD,stream,Teakettle 2 Creek,11323962,TRUE,United States,COMID_02; COMID_04,James Stegen,james.stegen@pnnl.gov
S19S_0033,37.0576,-119.2554,10.58052/IEWDR00PE,stream,Big Creek,22048111,TRUE,United States,COMID_01,James Stegen,james.stegen@pnnl.gov
S19S_0034,35.8677,-106.5233,10.58052/IEWDR00PF,stream,La Jara,17827558,TRUE,United States,COMID_02,James Stegen,james.stegen@pnnl.gov
S19S_0035,32.42735,-110.757838,10.58052/IEWDR00PG,stream,Marshall Gulch,-9999,N/A,United States,COMID_07; RawCOMID_15895198; Flag_00,James Stegen,james.stegen@pnnl.gov
S19S_0036,46.372515,-119.271902,10.58052/IEWDR00PH,stream,Columbia,24415028,TRUE,United States,COMID_02,James Stegen,james.stegen@pnnl.gov
S19S_0037,39.8577967,-75.7830393,10.58052/IEWDR00PI,stream,White Clay Creek,4650944,TRUE,United States,COMID_02,James Stegen,james.stegen@pnnl.gov
S19S_0038,39.8594333,-75.7839486,10.58052/IEWDR00PJ,stream,White Clay Creek,4650944,TRUE,United States,COMID_02,James Stegen,james.stegen@pnnl.gov
S19S_0039,35.966194,-84.359197,10.58052/IEWDR00PK,stream,East Fork Poplar Creek,22125640,TRUE,United States,COMID_01,James Stegen,james.stegen@pnnl.gov
S19S_0040,39.087889,-96.584725,10.58052/IEWDR00PL,stream,Kings Creek (N04D),18841358,TRUE,United States,COMID_02,James Stegen,james.stegen@pnnl.gov
S19S_0041,44.299994,-120.858196,10.58052/IEWDR00PM,stream,Crooked River,23713956,TRUE,United States,COMID_01,James Stegen,james.stegen@pnnl.gov
S19S_0042,25.40976,-80.96434,10.58052/IEWDR00PN,stream,Shark River Slough,90060,TRUE,United States,COMID_02; COMID_05,James Stegen,james.stegen@pnnl.gov
S19S_0043,43.14501,-89.472992,10.58052/IEWDR00PO,stream,Dorn Creek,13294176,TRUE,United States,COMID_01,James Stegen,james.stegen@pnnl.gov
S19S_0044,33.131027,-79.811134,10.58052/IEWDR00PP,stream,Huger Creek,9643259,TRUE,United States,COMID_01,James Stegen,james.stegen@pnnl.gov
S19S_0045,52.475193,13.631299,10.58052/IEWDR00PQ,stream,Erpe River sidechannel,-9999,N/A,Germany,COMID_08,James Stegen,james.stegen@pnnl.gov
S19S_0046,61.67559,7.21246,10.58052/IEWDR00PR,stream,Nigardsbreen River,-9999,N/A,Norway,COMID_08,James Stegen,james.stegen@pnnl.gov
S19S_0047,68.64278,-149.40333,10.58052/IEWDR00PS,stream,Kuparuk River,-9999,N/A,United States,COMID_08; RawCOMID_23953863; Flag_00,James Stegen,james.stegen@pnnl.gov
S19S_0048,18.10996,-66.98618,10.58052/IEWDR00PT,stream,Rio Cupeyes,-9999,N/A,United States,COMID_08; RawCOMID_16745431; Flag_00,James Stegen,james.stegen@pnnl.gov
S19S_0049,18.17443,-66.80038,10.58052/IEWDR00PU,stream,Rio Guilarte,-9999,N/A,United States,COMID_08; RawCOMID_16745431; Flag_00,James Stegen,james.stegen@pnnl.gov
S19S_0050,68.66953,-149.14198,10.58052/IEWDR00PV,stream,Oksrukuyik Creek,-9999,N/A,United States,COMID_08; RawCOMID_23953863; Flag_00,James Stegen,james.stegen@pnnl.gov
S19S_0051,65.1531,-147.50267,10.58052/IEWDR00PW,stream,Caribou Creek,-9999,N/A,United States,COMID_08; RawCOMID_23953863; Flag_00,James Stegen,james.stegen@pnnl.gov
S19S_0052,42.13187,-74.69563,10.58052/IEWDR00PX,stream,Platte Kill,1748723,TRUE,United States,COMID_01,James Stegen,james.stegen@pnnl.gov
S19S_0053,41.869567,-73.00222222,10.58052/IEWDR00PY,stream,Farmington,6109169,TRUE,United States,COMID_02; COMID_04,James Stegen,james.stegen@pnnl.gov
S19S_0054,37.57261,-77.0237,10.58052/IEWDR00PZ,stream,Pamunkey River,8508050,TRUE,United States,COMID_01,James Stegen,james.stegen@pnnl.gov
S19S_0055,46.732428,-117.180863,10.58052/IEWDR00Q0,stream,South Fork Polouse,23459937,TRUE,United States,COMID_02; COMID_05,James Stegen,james.stegen@pnnl.gov
S19S_0056,35.1632,128.9646,10.58052/IEWDR00Q1,stream,Nakdong,-9999,N/A,South Korea,COMID_08,James Stegen,james.stegen@pnnl.gov
S19S_0057,33.337475,-81.718207,10.58052/IEWDR00Q2,stream,Tims Branch,22722273,FALSE,United States,COMID_06; COMID_03; RawCOMID_22722263; Flag_00,James Stegen,james.stegen@pnnl.gov
S19S_0058,32.89919667,35.6136003,10.58052/IEWDR00Q3,stream,Jordan River,-9999,N/A,Israel,COMID_08,James Stegen,james.stegen@pnnl.gov
S19S_0059,48.16874998,-117.3915976,10.58052/IEWDR00Q4,stream,Heel Creek tributary,23027050,TRUE,United States,COMID_02,James Stegen,james.stegen@pnnl.gov
S19S_0060,46.2531882,-119.4768203,10.58052/IEWDR00Q5,stream,Yakima River,947030106,TRUE,United States,COMID_01,James Stegen,james.stegen@pnnl.gov
S19S_0061,43.1095,-89.6407,10.58052/IEWDR00Q6,stream,Black Earth Creek,13633173,TRUE,United States,COMID_02,James Stegen,james.stegen@pnnl.gov
S19S_0062,38.544583,-106.950417,10.58052/IEWDR00Q7,stream,Gunnison River,3252637,TRUE,United States,COMID_01,James Stegen,james.stegen@pnnl.gov
S19S_0063,30.250335,-97.709399,10.58052/IEWDR00Q8,stream,Lower Colorado,5781919,TRUE,United States,COMID_02,James Stegen,james.stegen@pnnl.gov
S19S_0064,40.61043,-78.00803,10.58052/IEWDR00Q9,stream,Shavers Creek,4682628,TRUE,United States,COMID_02,James Stegen,james.stegen@pnnl.gov
S19S_0065,38.509458,-122.888357,10.58052/IEWDR00QA,stream,Russian River,8272693,TRUE,United States,COMID_01,James Stegen,james.stegen@pnnl.gov
S19S_0066,35.19845,-106.643178,10.58052/IEWDR00QB,stream,Rio Grande,17819084,FALSE,United States,COMID_06; COMID_05; RawCOMID_17806172; Flag_00,James Stegen,james.stegen@pnnl.gov
S19S_0067,42.3921,-85.35412,10.58052/IEWDR00QC,stream,Augusta Creek,3473077,TRUE,United States,COMID_01,James Stegen,james.stegen@pnnl.gov
S19S_0068,44.207316,-122.258091,10.58052/IEWDR00QD,stream,Watershed 01 stream,-9999,N/A,United States,COMID_07; RawCOMID_23773411; Flag_00,James Stegen,james.stegen@pnnl.gov
S19S_0069,39.362202,-123.735151,10.58052/IEWDR00QE,stream,North Fork Caspar Creek,2663987,TRUE,United States,COMID_02,James Stegen,james.stegen@pnnl.gov
S19S_0070,39.339914,-123.752414,10.58052/IEWDR00QF,stream,South Fork Caspar Creek,2665551,TRUE,United States,COMID_02,James Stegen,james.stegen@pnnl.gov
S19S_0071,40.012917,-105.458575,10.58052/IEWDR00QG,stream,Gordon Creek,2889384,TRUE,United States,COMID_02,James Stegen,james.stegen@pnnl.gov
S19S_0072,42.5235645,-71.1848201,10.58052/IEWDR00QH,stream,Sawmill Brook,5862611,TRUE,United States,COMID_02; COMID_04,James Stegen,james.stegen@pnnl.gov
S19S_0073,42.7688065,-70.9164986,10.58052/IEWDR00QI,stream,Cart Creek,5860599,TRUE,United States,COMID_02,James Stegen,james.stegen@pnnl.gov
S19S_0074,46.376172,-119.272998,10.58052/IEWDR00QJ,stream,Columbia,24415028,TRUE,United States,COMID_02,James Stegen,james.stegen@pnnl.gov
S19S_0075,46.694742,-119.465555,10.58052/IEWDR00QK,stream,Columbia,947020558,TRUE,United States,COMID_02,James Stegen,james.stegen@pnnl.gov
S19S_0076,46.679191,-119.462605,10.58052/IEWDR00QL,stream,Columbia,947020557,FALSE,United States,COMID_06; COMID_05; RawCOMID_947020558; Flag_00,James Stegen,james.stegen@pnnl.gov
S19S_0077,40.66403,-105.223141,10.58052/IEWDR00QM,stream,Cache La Poudre,2900705,TRUE,United States,COMID_02,James Stegen,james.stegen@pnnl.gov
S19S_0078,43.43138889,-123.5855556,10.58052/IEWDR00QN,stream,Little Wolf Creek,24526862,TRUE,United States,COMID_01,James Stegen,james.stegen@pnnl.gov
S19S_0079,43.6369,-123.5721,10.58052/IEWDR00QO,stream,Umpqua,24526798,TRUE,United States,COMID_02,James Stegen,james.stegen@pnnl.gov
S19S_0080,34.950811,-106.681374,10.58052/IEWDR00QP,stream,Rio Grande,17808622,TRUE,United States,COMID_01,James Stegen,james.stegen@pnnl.gov
S19S_0081,38.960004,-76.9261495,10.58052/IEWDR00QQ,stream,Northeast Branch of Anacostia,22337975,TRUE,United States,COMID_02; COMID_05,James Stegen,james.stegen@pnnl.gov
S19S_0082,38.8748619,-76.5465418,10.58052/IEWDR00QR,stream,Muddy Creek,8380297,TRUE,United States,COMID_01,James Stegen,james.stegen@pnnl.gov
S19S_0083,40.31083,-88.3227,10.58052/IEWDR00QS,stream,Sangamon,13571661,TRUE,United States,COMID_02,James Stegen,james.stegen@pnnl.gov
S19S_0084,43.954722,-71.722778,10.58052/IEWDR00QT,stream,Watershed 3 stream,-9999,N/A,United States,COMID_07; RawCOMID_6729679; Flag_00,James Stegen,james.stegen@pnnl.gov
S19S_0085,43.6479639,-115.9902503,10.58052/IEWDR00QU,stream,Mores Creek,23382303,TRUE,United States,COMID_01,James Stegen,james.stegen@pnnl.gov
S19S_0086,40.7797,-111.8064,10.58052/IEWDR00QV,stream,Red Butte Creek,10389356,FALSE,United States,COMID_06; COMID_03; RawCOMID_10389424; Flag_00,James Stegen,james.stegen@pnnl.gov
S19S_0087,43.1233451,-116.7743431,10.58052/IEWDR00QW,stream,Dobson Creek,23302298,TRUE,United States,COMID_01,James Stegen,james.stegen@pnnl.gov
S19S_0089,37.21008,-80.44539,10.58052/IEWDR00QX,stream,Stroubles Creek,6883680,TRUE,United States,COMID_01,James Stegen,james.stegen@pnnl.gov
S19S_0090,37.291383,-75.930606,10.58052/IEWDR00QY,stream,Cobb Mill Creek,12058092,TRUE,United States,COMID_01,James Stegen,james.stegen@pnnl.gov
S19S_0091,60.520868,-144.837472,10.58052/IEWDR00QZ,stream,Copper River,-9999,N/A,United States,COMID_08; RawCOMID_23953863; Flag_00,James Stegen,james.stegen@pnnl.gov
S19S_0092,52.419447,-1.704013,10.58052/IEWDR00R0,stream,Blythe,-9999,N/A,United Kingdom,COMID_08,James Stegen,james.stegen@pnnl.gov
S19S_0093,52.800556,-2.304833,10.58052/IEWDR00R1,stream,Wood Brook,-9999,N/A,United Kingdom,COMID_08,James Stegen,james.stegen@pnnl.gov
S19S_0094,18.2754452,-65.7852826,10.58052/IEWDR00R2,stream,Icacos,-9999,N/A,United States,COMID_08; RawCOMID_16745431; Flag_00,James Stegen,james.stegen@pnnl.gov
S19S_0096,45.2473368,7.805425,10.58052/IEWDR00R3,stream,Orco,-9999,N/A,Italy,COMID_08,James Stegen,james.stegen@pnnl.gov
S19S_0097,41.720847,-111.8865,10.58052/IEWDR00R4,stream,Logan,664488,TRUE,United States,COMID_02,James Stegen,james.stegen@pnnl.gov
S19S_0098,41.950204,-111.580533,10.58052/IEWDR00R5,stream,Logan,664126,TRUE,United States,COMID_02,James Stegen,james.stegen@pnnl.gov
S19S_0099,39.2385932,-84.7119066,10.58052/IEWDR00R6,stream,Great Miami,3886082,TRUE,United States,COMID_02,James Stegen,james.stegen@pnnl.gov
S19S_0100,38.92352,-106.950961,10.58052/IEWDR00R7,stream,East River,1332754,TRUE,United States,COMID_01,James Stegen,james.stegen@pnnl.gov
S20R,47.19028,-121.01556,10.58052/IEPRS0082,stream,Cle Elum River,24125811,TRUE,United States,COMID_00,James Stegen,james.stegen@pnnl.gov
S21,47.17725,-121.02867,10.58052/IEPRS00UT,stream,Yakima River,24126059,TRUE,United States,COMID_00,James Stegen,james.stegen@pnnl.gov
S21R,47.185797,-121.043826,10.58052/IEPRS0083,stream,Yakima River,24126061,TRUE,United States,COMID_00,James Stegen,james.stegen@pnnl.gov
S22RR,47.1683,-120.8346,10.58052/IEPRS00U3,stream,Teanaway River,947030171,TRUE,United States,COMID_00,James Stegen,james.stegen@pnnl.gov
S23,47.185944,-120.918817,10.58052/IEPRS0084,stream,Yakima River,24125789,TRUE,United States,COMID_00,James Stegen,james.stegen@pnnl.gov
S24,47.3543,-121.1082,10.58052/IEPRS00U4,stream,Cle Elum River,24125859,TRUE,United States,COMID_00,James Stegen,james.stegen@pnnl.gov
S24R,47.354254,-121.108406,10.58052/IEPRS0085,stream,Cle Elum River,24125859,TRUE,United States,COMID_00,James Stegen,james.stegen@pnnl.gov
S25,47.262537,-120.897057,10.58052/IEPRS0086,stream,Middle Fork Teanaway River,24125699,TRUE,United States,COMID_00,James Stegen,james.stegen@pnnl.gov
S26R,47.168488,-120.834427,10.58052/IEPRS0087,stream,Teanaway River,947030170,TRUE,United States,COMID_00; COMID_05,James Stegen,james.stegen@pnnl.gov
S27R,47.260155,-121.176851,10.58052/IEPRS0088,stream,Silver Creek,24126823,TRUE,United States,COMID_00,James Stegen,james.stegen@pnnl.gov
S28R,47.124215,-120.73804,10.58052/IEPRS0089,stream,Swauk Creek,24131037,TRUE,United States,COMID_00,James Stegen,james.stegen@pnnl.gov
S28RE,47.123516,-120.73817,10.58052/IEPRS008A,stream,Yakima River,24125567,FALSE,United States,COMID_06; COMID_05; RawCOMID_24125509; Flag_00,James Stegen,james.stegen@pnnl.gov
S29,47.0822,-120.7334,10.58052/IEPRS00U5,stream,Taneum Creek,24126251,TRUE,United States,COMID_00,James Stegen,james.stegen@pnnl.gov
S29R,47.082159,-120.733369,10.58052/IEPRS008B,stream,Taneum Creek,24126251,TRUE,United States,COMID_00,James Stegen,james.stegen@pnnl.gov
S30R,46.09521496,-120.5482254,10.58052/IEPRS008C,stream,Satus Creek,23100398,TRUE,United States,COMID_00,James Stegen,james.stegen@pnnl.gov
S31,46.205978,-120.480969,10.58052/IEPRS008D,stream,Logy Creek,23100338,TRUE,United States,COMID_00,James Stegen,james.stegen@pnnl.gov
S32,46.23559571,-120.4191547,10.58052/IEPRS008E,stream,Satus Creek,23100328,TRUE,United States,COMID_00,James Stegen,james.stegen@pnnl.gov
S33,46.26534,-120.11103,10.58052/IEPRS00UU,stream,Yakima River,23099694,TRUE,United States,COMID_00,James Stegen,james.stegen@pnnl.gov
S34,46.26426,-120.11472,10.58052/IEPRS00UV,stream,Satus Creek,23100242,TRUE,United States,COMID_00,James Stegen,james.stegen@pnnl.gov
S34R,46.2752,-120.1377,10.58052/IEPRS00U6,stream,Satus Creek,23100242,TRUE,United States,COMID_00,James Stegen,james.stegen@pnnl.gov
S36,46.314573,-120.199171,10.58052/IEPRS008F,stream,Toppenish Creek,23100020,TRUE,United States,COMID_00,James Stegen,james.stegen@pnnl.gov
S37,46.028244,-120.611858,10.58052/IEPRS008G,stream,Satus Creek,23100428,TRUE,United States,COMID_00,James Stegen,james.stegen@pnnl.gov
S38,46.029003,-120.636526,10.58052/IEPRS008H,stream,Unnamed Tributary,23105314,TRUE,United States,COMID_02,James Stegen,james.stegen@pnnl.gov
S39,46.016704,-120.649701,10.58052/IEPRS008I,stream,Satus Creek,23100434,TRUE,United States,COMID_00,James Stegen,james.stegen@pnnl.gov
S40,46.03855,-120.5894,10.58052/IEPRS00UW,stream,Kusshi Creek,23100408,TRUE,United States,COMID_00,James Stegen,james.stegen@pnnl.gov
S41R,46.3111,-120.7891,10.58052/IEPRS00U7,stream,Toppenish Creek,23100180,FALSE,United States,COMID_06; COMID_05; RawCOMID_23100178; Flag_00,James Stegen,james.stegen@pnnl.gov
S42,46.2902,-120.8717,10.58052/IEPRS00U8,stream,Unnamed Tributary,23103496,TRUE,United States,COMID_02,James Stegen,james.stegen@pnnl.gov
S43,46.3656,-120.6704,10.58052/IEPRS00U9,stream,Toppenish Creek,23100162,TRUE,United States,COMID_00,James Stegen,james.stegen@pnnl.gov
S45,46.6168,-121.1511,10.58052/IEPRS00UA,stream,South Fork Tieton River,24423421,TRUE,United States,COMID_00; COMID_05,James Stegen,james.stegen@pnnl.gov
S47,46.61823,-121.31549,10.58052/IEPRS00UY,stream,North Fork Tieton River,24423359,TRUE,United States,COMID_00,James Stegen,james.stegen@pnnl.gov
S47R,46.62141,-121.30271,10.58052/IEPRS00UB,stream,North Fork Tieton River,24423357,TRUE,United States,COMID_02,James Stegen,james.stegen@pnnl.gov
S48,46.64743,-121.25489,10.58052/IEPRS00UZ,stream,Indian Creek,24423325,TRUE,United States,COMID_00,James Stegen,james.stegen@pnnl.gov
S48R,46.64568,-121.25106,10.58052/IEPRS00UC,stream,Indian Creek,24423325,FALSE,United States,COMID_06; RawCOMID_24423321; Flag_00,James Stegen,james.stegen@pnnl.gov
S49R,46.724267,-120.813351,10.58052/IEPRS008J,stream,Tieton River,24423233,TRUE,United States,COMID_00; COMID_05,James Stegen,james.stegen@pnnl.gov
S50,46.631447,-120.521815,10.58052/IEPRS008K,stream,Yakima River,24125037,TRUE,United States,COMID_00,James Stegen,james.stegen@pnnl.gov
S50P,46.7521,-120.8178,10.58052/IEPRS00UD,stream,Naches River,24422713,TRUE,United States,COMID_00,James Stegen,james.stegen@pnnl.gov
S51,46.729878,-120.803616,10.58052/IEPRS008L,stream,Tieton River,24423233,TRUE,United States,COMID_00,James Stegen,james.stegen@pnnl.gov
S52,46.6592,-121.0893,10.58052/IEPRS00UE,stream,Milk Creek,24423623,TRUE,United States,COMID_00,James Stegen,james.stegen@pnnl.gov
S53,46.6646,-121.1237,10.58052/IEPRS00UF,stream,Wildcat Creek,24424869,FALSE,United States,COMID_06; RawCOMID_24423305; Flag_00,James Stegen,james.stegen@pnnl.gov
S54,46.6833,-120.9404,10.58052/IEPRS00UG,stream,Tieton River,24423245,TRUE,United States,COMID_00,James Stegen,james.stegen@pnnl.gov
S55,46.663547,-120.805047,10.58052/IEPRS008M,stream,South Fork Cowiche Creek,24423517,TRUE,United States,COMID_00,James Stegen,james.stegen@pnnl.gov
S55N,46.6659,-120.8161,10.58052/IEPRS00W7,stream,South Fork Cowiche Creek,24423517,TRUE,United States,COMID_00,James Stegen,james.stegen@pnnl.gov
S56,46.620687,-120.626954,10.58052/IEPRS008N,stream,Cowiche Creek,24423479,TRUE,United States,COMID_00,James Stegen,james.stegen@pnnl.gov
S56N,46.6218,-120.6206,10.58052/IEPRS00W8,stream,Cowiche Creek,24423479,TRUE,United States,COMID_00,James Stegen,james.stegen@pnnl.gov
S57,46.5814,-120.4612,10.58052/IEPRS00UH,stream,Yakima River,23099862,TRUE,United States,COMID_00,James Stegen,james.stegen@pnnl.gov
S58,46.6856,-120.6553,10.58052/IEPRS00UI,stream,Naches River,24422669,TRUE,United States,COMID_00,James Stegen,james.stegen@pnnl.gov
S61,47.06101,-121.28535,10.58052/IEPRS00V0,stream,South Fork Little Naches River,24422873,TRUE,United States,COMID_00,James Stegen,james.stegen@pnnl.gov
S63,46.041823,-120.573226,10.58052/IEPRS008O,stream,Satus Creek,23100404,TRUE,United States,COMID_00,James Stegen,james.stegen@pnnl.gov
S63P,46.04551,-120.5679,10.58052/IEPRS00UJ,stream,Bull Creek,23100608,FALSE,United States,COMID_06; RawCOMID_23100404; Flag_00,James Stegen,james.stegen@pnnl.gov
S64,46.25372,-120.95778,10.58052/IEPRS00V1,stream,North Fork Toppenish Creek,23100200,TRUE,United States,COMID_00,James Stegen,james.stegen@pnnl.gov
S65,46.73657,-120.90747,10.58052/IEPRS00V2,stream,Indian Creek,24424705,TRUE,United States,COMID_00,James Stegen,james.stegen@pnnl.gov
S67,46.855643,-120.483696,10.58052/IEPRS008P,stream,Yakima River,24125193,TRUE,United States,COMID_00,James Stegen,james.stegen@pnnl.gov
S68,46.855711,-120.484841,10.58052/IEPRS008Q,stream,Umtanum Creek,24126399,FALSE,United States,COMID_06; RawCOMID_24125193; Flag_00,James Stegen,james.stegen@pnnl.gov
S71,46.968185,-120.691204,10.58052/IEPRS008R,stream,Manastash Creek,24126327,TRUE,United States,COMID_00,James Stegen,james.stegen@pnnl.gov
S72,46.99491,-120.590443,10.58052/IEPRS008S,stream,Manastash Creek,24126315,TRUE,United States,COMID_00,James Stegen,james.stegen@pnnl.gov
S73,46.98778012,-120.5710861,10.58052/IEPRS008T,stream,Yakima River,24125421,TRUE,United States,COMID_00,James Stegen,james.stegen@pnnl.gov
S75,47.017577,-120.51748,10.58052/IEPRS008U,stream,Wilson Creek,24131135,TRUE,United States,COMID_00; COMID_05,James Stegen,james.stegen@pnnl.gov
S77,46.625578,-120.583712,10.58052/IEPRS008V,stream,Cowiche Creek,24423479,TRUE,United States,COMID_00,James Stegen,james.stegen@pnnl.gov
S79,46.763844,-120.456432,10.58052/IEPRS008W,stream,Yakima River,24125115,TRUE,United States,COMID_00,James Stegen,james.stegen@pnnl.gov
S82,46.53837,-120.480372,10.58052/IEPRS008X,stream,Ahtanum Creek,23099884,TRUE,United States,COMID_00,James Stegen,james.stegen@pnnl.gov
S83,47.239586,-121.227415,10.58052/IEPRS008Y,stream,Cabin Creek,24126203,TRUE,United States,COMID_00,James Stegen,james.stegen@pnnl.gov
SAD1,46.721,-71.4754,10.58052/IEWDR01CT,stream,St. Lawrence River,-9999,N/A,Canada,COMID_08,James Stegen,james.stegen@pnnl.gov
SAD2,46.7286,-71.4706,10.58052/IEWDR01CU,stream,St. Lawrence River,-9999,N/A,Canada,COMID_08,James Stegen,james.stegen@pnnl.gov
SAD3,46.7056,-71.4608,10.58052/IEWDR01CS,stream,St. Lawrence River,-9999,N/A,Canada,COMID_08,James Stegen,james.stegen@pnnl.gov
SORAM1,46.0735,-73.0872,10.58052/IEWDR01C9,stream,St. Lawrence River,-9999,N/A,Canada,COMID_08,James Stegen,james.stegen@pnnl.gov
SORAM2,46.0587,-73.0742,10.58052/IEWDR01CB,stream,St. Lawrence River,-9999,N/A,Canada,COMID_08,James Stegen,james.stegen@pnnl.gov
SORAM3,46.0612,-73.0749,10.58052/IEWDR01CA,stream,St. Lawrence River,-9999,N/A,Canada,COMID_08,James Stegen,james.stegen@pnnl.gov
SORAV1,46.1729,-72.9582,10.58052/IEWDR01CC,stream,St. Lawrence River,-9999,N/A,Canada,COMID_08,James Stegen,james.stegen@pnnl.gov
SORAV2,46.1618,-72.9424,10.58052/IEWDR01CE,stream,St. Lawrence River,-9999,N/A,Canada,COMID_08,James Stegen,james.stegen@pnnl.gov
SORAV3,46.1372,-72.9493,10.58052/IEWDR01CD,stream,St. Lawrence River,-9999,N/A,Canada,COMID_08,James Stegen,james.stegen@pnnl.gov
SP-1,41.3093,-83.1578,10.58052/IEWDR01L6,stream,Sandusky River,15612718,TRUE,United States,COMID_01,James Stegen,james.stegen@pnnl.gov
SP-10,32.3505,-111.0953,10.58052/IEWDR01L7,stream,Santa Cruz River,15903137,TRUE,United States,COMID_01,James Stegen,james.stegen@pnnl.gov
SP-13,32.4713,-111.3042,10.58052/IEWDR01L8,stream,Santa Cruz River,15890430,TRUE,United States,COMID_01,James Stegen,james.stegen@pnnl.gov
SP-14,46.4979,-84.3742,10.58052/IEWDR01L9,stream,St. Marys River,904020533,FALSE,United States,COMID_06; COMID_05; RawCOMID_904020534; Flag_00,James Stegen,james.stegen@pnnl.gov
SP-15,30.4384,-91.1912,10.58052/IEWDR01LA,stream,Mississippi RIver,19088319,TRUE,United States,COMID_01,James Stegen,james.stegen@pnnl.gov
SP-2,41.3166,-102.126,10.58052/IEWDR01LB,stream,North Platte River,17461568,TRUE,United States,COMID_01,James Stegen,james.stegen@pnnl.gov
SP-4,33.8277,-79.0449,10.58052/IEWDR01LC,stream,Waccamaw River,9071958,TRUE,United States,COMID_01,James Stegen,james.stegen@pnnl.gov
SP-5,33.684,-84.4153,10.58052/IEWDR01LD,stream,South River,6333706,TRUE,United States,COMID_02,James Stegen,james.stegen@pnnl.gov
SP-6,45.0844,-92.7856,10.58052/IEWDR01LE,stream,St. Croix,2649684,FALSE,United States,COMID_06; COMID_05; RawCOMID_2648950; Flag_00,James Stegen,james.stegen@pnnl.gov
SP-8,44.5505,-123.2497,10.58052/IEWDR01LF,stream,Willamette River,23763009,TRUE,United States,COMID_01,James Stegen,james.stegen@pnnl.gov
SP-9,44.556,-123.2769,10.58052/IEWDR01LG,stream,Marys River,23762881,TRUE,United States,COMID_01,James Stegen,james.stegen@pnnl.gov
STA1,46.5744,-72.1006,10.58052/IEWDR01CR,stream,St. Lawrence River,-9999,N/A,Canada,COMID_08,James Stegen,james.stegen@pnnl.gov
STA2,46.5685,-72.0997,10.58052/IEWDR01CQ,stream,St. Lawrence River,-9999,N/A,Canada,COMID_08,James Stegen,james.stegen@pnnl.gov
STA3,46.5625,-72.1057,10.58052/IEWDR01CP,stream,St. Lawrence River,-9999,N/A,Canada,COMID_08,James Stegen,james.stegen@pnnl.gov
STAN1,47.7465,-69.8901,10.58052/IEWDR01D4,stream,St. Lawrence River,-9999,N/A,Canada,COMID_08,James Stegen,james.stegen@pnnl.gov
STIR1,47.5506,-70.1852,10.58052/IEWDR01D3,stream,St. Lawrence River,-9999,N/A,Canada,COMID_08,James Stegen,james.stegen@pnnl.gov
STJO1,47.4457,-70.3002,10.58052/IEWDR01D2,stream,St. Lawrence River,-9999,N/A,Canada,COMID_08,James Stegen,james.stegen@pnnl.gov
STL1,44.8972,-75.1665,10.58052/IEWDR01B3,stream,St. Lawrence River,-9999,N/A,Canada,COMID_08,James Stegen,james.stegen@pnnl.gov
STL1.5,44.9537,-74.9918,10.58052/IEWDR01B4,stream,St. Lawrence River,-9999,N/A,Canada,COMID_08,James Stegen,james.stegen@pnnl.gov
STL2,45.0061,-74.7747,10.58052/IEWDR01B7,stream,St. Lawrence River,-9999,N/A,Canada,COMID_08,James Stegen,james.stegen@pnnl.gov
STM1,46.3501,-72.5302,10.58052/IEWDR01CL,stream,St. Lawrence River,-9999,N/A,Canada,COMID_08,James Stegen,james.stegen@pnnl.gov
STM2,46.3473,-72.5271,10.58052/IEWDR01CO,stream,St. Lawrence River,-9999,N/A,Canada,COMID_08,James Stegen,james.stegen@pnnl.gov
STM3,46.3456,-72.5168,10.58052/IEWDR01CN,stream,St. Lawrence River,-9999,N/A,Canada,COMID_08,James Stegen,james.stegen@pnnl.gov
STM4,46.3369,-72.518,10.58052/IEWDR01CM,stream,St. Lawrence River,-9999,N/A,Canada,COMID_08,James Stegen,james.stegen@pnnl.gov
T02,46.232095,-119.999,10.58052/IEPRS008Z,stream,Yakima River,23099678,TRUE,United States,COMID_00,James Stegen,james.stegen@pnnl.gov
T03,46.530817,-120.470337,10.58052/IEPRS0090,stream,Yakima River,23099844,TRUE,United States,COMID_00,James Stegen,james.stegen@pnnl.gov
T05,46.728776,-120.713733,10.58052/IEPRS0091,stream,Naches River,24425579,TRUE,United States,COMID_00,James Stegen,james.stegen@pnnl.gov
T05P,46.98904,-121.09921,10.58052/IEPRS0093,stream,Little Naches River,24422823,TRUE,United States,COMID_00,James Stegen,james.stegen@pnnl.gov
T06,46.97777,-121.16953,10.58052/IEPRS0094,stream,American River,24422913,TRUE,United States,COMID_00,James Stegen,james.stegen@pnnl.gov
T07,46.255319,-119.47405,10.58052/IEPRS0092,stream,Yakima River,947030105,TRUE,United States,COMID_00,James Stegen,james.stegen@pnnl.gov
T41,46.72411,-120.70039,10.58052/IEPRS0095,stream,Naches River,24425579,TRUE,United States,COMID_00,James Stegen,james.stegen@pnnl.gov
T42,46.72895,-120.71431,10.58052/IEPRS0096,stream,Naches River,24425579,TRUE,United States,COMID_00,James Stegen,james.stegen@pnnl.gov
TAY-RES,38.8183,-106.6086,10.58052/IEWDR00XM,stream,Taylor River below reservoir,1333490,TRUE,United States,COMID_02,James Stegen,james.stegen@pnnl.gov
TAY-TAY,38.8604,-106.567,10.58052/IEWDR00XN,stream,Taylor River at Taylor Park,1333022,TRUE,United States,COMID_02,James Stegen,james.stegen@pnnl.gov
TCL1,45.6656,-73.4644,10.58052/IEWDR01BP,stream,St. Lawrence River,-9999,N/A,Canada,COMID_08,James Stegen,james.stegen@pnnl.gov
TCM1,45.7069,-73.4787,10.58052/IEWDR01BT,stream,St. Lawrence River,-9999,N/A,Canada,COMID_08,James Stegen,james.stegen@pnnl.gov
TCM1.5,45.5894,-73.4973,10.58052/IEWDR01BQ,stream,St. Lawrence River,-9999,N/A,Canada,COMID_08,James Stegen,james.stegen@pnnl.gov
TCM2,45.7051,-73.4556,10.58052/IEWDR01BS,stream,St. Lawrence River,-9999,N/A,Canada,COMID_08,James Stegen,james.stegen@pnnl.gov
TCM2.5,45.6758,-73.458,10.58052/IEWDR01BR,stream,St. Lawrence River,-9999,N/A,Canada,COMID_08,James Stegen,james.stegen@pnnl.gov
TCM3,45.7038,-73.4447,10.58052/IEWDR01BU,stream,St. Lawrence River,-9999,N/A,Canada,COMID_08,James Stegen,james.stegen@pnnl.gov
THI01,44.2132,-76.5457,10.58052/IEWDR01AS,stream,St. Lawrence River,-9999,N/A,Canada,COMID_08,James Stegen,james.stegen@pnnl.gov
THI02,44.24024,-76.41803,10.58052/IEWDR01AU,stream,St. Lawrence River,-9999,N/A,Canada,COMID_08,James Stegen,james.stegen@pnnl.gov
THI03,44.2593,-76.3784,10.58052/IEWDR01AV,stream,St. Lawrence River,-9999,N/A,Canada,COMID_08,James Stegen,james.stegen@pnnl.gov
THI04,44.3034,-76.1969,10.58052/IEWDR01AT,stream,St. Lawrence River,-9999,N/A,Canada,COMID_08,James Stegen,james.stegen@pnnl.gov
THI05,44.3232,-76.1668,10.58052/IEWDR01AP,stream,St. Lawrence River,-9999,N/A,Canada,COMID_08,James Stegen,james.stegen@pnnl.gov
THI06,44.3244,-76.159,10.58052/IEWDR01AN,stream,St. Lawrence River,-9999,N/A,Canada,COMID_08,James Stegen,james.stegen@pnnl.gov
THI07,44.484,-75.8268,10.58052/IEWDR01AR,stream,St. Lawrence River,-9999,N/A,Canada,COMID_08,James Stegen,james.stegen@pnnl.gov
TRA1,45.9966,-73.1873,10.58052/IEWDR01C5,stream,St. Lawrence River,-9999,N/A,Canada,COMID_08,James Stegen,james.stegen@pnnl.gov
TRA2,46.004,-73.175,10.58052/IEWDR01C7,stream,St. Lawrence River,-9999,N/A,Canada,COMID_08,James Stegen,james.stegen@pnnl.gov
TRA3,45.9969,-73.1741,10.58052/IEWDR01C6,stream,St. Lawrence River,-9999,N/A,Canada,COMID_08,James Stegen,james.stegen@pnnl.gov
TRO-GAT,44.801195,-121.06603,10.58052/IEWDR00XO,stream,Trout Creek,23732545,TRUE,United States,COMID_01,James Stegen,james.stegen@pnnl.gov
U20,46.898642,-120.642233,10.58052/IEPRS007U,stream,Umtanum Creek,24126427,TRUE,United States,COMID_00,Allison Myers-Pigg,allison.myers-pigg@pnnl.gov
U22,46.9079,-120.690378,10.58052/IEPRS00V3,stream,UmtanumCreek,24126443,FALSE,United States,COMID_00; RawCOMID_24126441; Flag_00,Allison Myers-Pigg,allison.myers-pigg@pnnl.gov
W10,46.867453,-120.77439,10.58052/IEPRS007T,stream,Wenas Creek,24126509,TRUE,United States,COMID_00,Allison Myers-Pigg,allison.myers-pigg@pnnl.gov
W20,46.832844,-120.710935,10.58052/IEPRS007S,stream,Wenas Creek,24126487,TRUE,United States,COMID_00,Allison Myers-Pigg,allison.myers-pigg@pnnl.gov
WHY-SIS,44.287949,-121.544078,10.58052/IEWDR00XP,stream,Whychus Creek,23700305,TRUE,United States,COMID_02,James Stegen,james.stegen@pnnl.gov
WIL-COR,44.566361,-123.256806,10.58052/IEWDR00XQ,stream,Willamette River at Corvallis,23762877,TRUE,United States,COMID_02,James Stegen,james.stegen@pnnl.gov
WIL-GOS,43.9806,-122.9653,10.58052/IEWDR00XR,stream,Coast Fork Willamette River,23759228,TRUE,United States,COMID_01,James Stegen,james.stegen@pnnl.gov
WIL-HAR,44.2701246,-123.1748105,10.58052/IEWDR00XS,stream,Willamette River at Harrisburg,23763337,TRUE,United States,COMID_02; COMID_05,James Stegen,james.stegen@pnnl.gov
WIL-JAS,43.9983,-122.905,10.58052/IEWDR00XT,stream,Middle Fork Willamette River,23751778,FALSE,United States,COMID_06; RawCOMID_23752718; Flag_00,James Stegen,james.stegen@pnnl.gov
WIL-POR,45.5175,-122.6692,10.58052/IEWDR00XU,stream,Willamette River at Portland,23815040,TRUE,United States,COMID_02,James Stegen,james.stegen@pnnl.gov
